t,qx,qy,qz,qw
0.0,-0.02449607662856579,-0.20002004504203796,0.062320686876773834,-0.9775010347366333
0.02,-0.026297910138964653,-0.20573893189430237,0.06302984058856964,-0.9762208461761475
0.036,-0.027745312079787254,-0.21004490554332733,0.06361044198274612,-0.9752256870269775
0.06,-0.029921237379312515,-0.21605539321899414,0.06452662497758865,-0.9737870693206787
0.08,-0.03173377364873886,-0.22066077589988708,0.06533201783895493,-0.9726426005363464
0.1,-0.033535998314619064,-0.22490867972373962,0.06616977602243423,-0.9715518355369568
0.124,-0.035681359469890594,-0.2295820564031601,0.06721657514572144,-0.9703097343444824
0.144,-0.037455204874277115,-0.23321527242660522,0.06812409311532974,-0.9693126082420349
0.16,-0.038863323628902435,-0.23597006499767303,0.06887249648571014,-0.9685372114181519
0.18,-0.04060591757297516,-0.23921683430671692,0.06983597576618195,-0.9675998091697693
0.196,-0.041983235627412796,-0.24165302515029907,0.0706300213932991,-0.966877818107605
0.216,-0.04367898032069206,-0.24449050426483154,0.07165084034204483,-0.9660137891769409
0.232,-0.04501422122120857,-0.24659761786460876,0.07249747961759567,-0.9653535485267639
0.252,-0.04665243253111839,-0.24903759360313416,0.07358425855636597,-0.9645668864250183
0.276,-0.04856806993484497,-0.25169214606285095,0.0749252587556839,-0.9636796116828918
0.3,-0.050421614199876785,-0.2540549337863922,0.07630260288715363,-0.9628560543060303
0.316,-0.05161770060658455,-0.2554725408554077,0.07723958790302277,-0.9623426795005798
0.336,-0.05306382104754448,-0.2570720613002777,0.0784291997551918,-0.9617416858673096
0.36,-0.05473005399107933,-0.25875136256217957,0.07989545911550522,-0.9610771536827087
0.376,-0.05579940974712372,-0.2597385048866272,0.080895334482193,-0.9606655836105347
0.4,-0.05733410641551018,-0.2610251009464264,0.08241460472345352,-0.9600972533226013
0.42,-0.05855383351445198,-0.2619483470916748,0.0836956799030304,-0.9596611857414246
0.448,-0.06018415093421936,-0.2631770372390747,0.08547569811344147,-0.9590671062469482
0.472,-0.06148918718099594,-0.2641970217227936,0.08688124269247055,-0.9585774540901184
0.492,-0.06253128498792648,-0.26500794291496277,0.08807405829429626,-0.9581772089004517
0.508,-0.06333407759666443,-0.2656167447566986,0.08903586864471436,-0.9578670263290405
0.524,-0.06411237269639969,-0.2661837339401245,0.0900062769651413,-0.9575671553611755
0.548,-0.06523917615413666,-0.2669490575790405,0.09148748219013214,-0.9571374654769897
0.568,-0.06614727526903152,-0.26750558614730835,0.09275133907794952,-0.9567980766296387
0.584,-0.06686166673898697,-0.2678897976875305,0.09379930794239044,-0.9565387964248657
0.6,-0.06757870316505432,-0.26821357011795044,0.09492909908294678,-0.9562861323356628
0.616,-0.06829521805047989,-0.26848331093788147,0.09610233455896378,-0.9560423493385315
0.632,-0.06900636851787567,-0.2686963975429535,0.09729371219873428,-0.9558108448982239
0.648,-0.06971580535173416,-0.26885414123535156,0.09850369393825531,-0.955591082572937
0.668,-0.0706137865781784,-0.26897576451301575,0.10008752346038818,-0.9553263187408447
0.692,-0.0717017650604248,-0.26901310682296753,0.10202782601118088,-0.9550293684005737
0.712,-0.072616346180439,-0.2689506709575653,0.10365811735391617,-0.9548022747039795
0.732,-0.07355204969644547,-0.26879847049713135,0.10531756281852722,-0.9545919299125671
0.752,-0.07451765239238739,-0.2685612738132477,0.10700999200344086,-0.9543954730033875
0.772,-0.07550237327814102,-0.2682504653930664,0.1087070107460022,-0.9542138576507568
0.792,-0.07651088386774063,-0.267877995967865,0.11040685325860977,-0.954042911529541
0.812,-0.0775584951043129,-0.26751208305358887,0.11210399121046066,-0.9538630247116089
0.836,-0.07887902110815048,-0.2671389579772949,0.11413595825433731,-0.9536184072494507
0.856,-0.08002878725528717,-0.2668684124946594,0.11582360416650772,-0.9533948302268982
0.88,-0.08145114779472351,-0.26657551527023315,0.1177840381860733,-0.9531160593032837
0.896,-0.08243507146835327,-0.26637929677963257,0.11909165233373642,-0.9529238343238831
0.912,-0.0834498330950737,-0.2661761939525604,0.12040797621011734,-0.9527267813682556
0.932,-0.08476340770721436,-0.26590701937675476,0.12206847965717316,-0.9524747133255005
0.948,-0.0858495682477951,-0.26567405462265015,0.12339404970407486,-0.952271580696106
0.972,-0.08754837512969971,-0.2652776539325714,0.12542209029197693,-0.9519624710083008
0.996,-0.08935004472732544,-0.26482245326042175,0.12755997478961945,-0.9516375660896301
1.016,-0.09091806411743164,-0.264390766620636,0.12935972213745117,-0.951366126537323
1.036,-0.09255033731460571,-0.26390162110328674,0.131186842918396,-0.9510943293571472
1.052,-0.09390541911125183,-0.2634613811969757,0.13268359005451202,-0.9508758783340454
1.072,-0.09565958380699158,-0.26284143328666687,0.13459214568138123,-0.9506044387817383
1.092,-0.09747713804244995,-0.26213642954826355,0.1365228146314621,-0.9503390789031982
1.116,-0.09978020936250687,-0.26116037368774414,0.13898231089115143,-0.95001220703125
1.132,-0.10138175636529922,-0.2604418992996216,0.14068810641765594,-0.9497888088226318
1.152,-0.10346315801143646,-0.259530246257782,0.142869770526886,-0.94948810338974
1.172,-0.10563328117132187,-0.25861600041389465,0.1451021283864975,-0.9491600394248962
1.192,-0.10788195580244064,-0.2576848566532135,0.14737819135189056,-0.9488096237182617
1.212,-0.11019466072320938,-0.2567194998264313,0.14968867599964142,-0.9484437108039856
1.236,-0.1130547970533371,-0.255487322807312,0.1525609940290451,-0.947982132434845
1.252,-0.11500096321105957,-0.25461238622665405,0.15451842546463013,-0.947666347026825
1.272,-0.117462158203125,-0.25345379114151,0.15699107944965363,-0.947268545627594
1.288,-0.11944988369941711,-0.25246697664260864,0.15899528563022614,-0.9469491243362427
1.308,-0.12194942682981491,-0.25115692615509033,0.16152913868427277,-0.9465499520301819
1.336,-0.1254534274339676,-0.24917511641979218,0.16511417925357819,-0.9459971189498901
1.356,-0.12794727087020874,-0.24765022099018097,0.1677042543888092,-0.9456079006195068
1.38,-0.13091814517974854,-0.24569666385650635,0.1708449125289917,-0.9451485872268677
1.404,-0.13385620713233948,-0.24361838400363922,0.1740194410085678,-0.9446955919265747
1.424,-0.13627511262893677,-0.24179932475090027,0.17667673528194427,-0.9443238973617554
1.44,-0.13819865882396698,-0.24033178389072418,0.17877456545829773,-0.9440240859985352
1.46,-0.14060720801353455,-0.2385118007659912,0.1814110428094864,-0.943626880645752
1.48,-0.1430208683013916,-0.23668287694454193,0.184080570936203,-0.9432076811790466
1.5,-0.14544683694839478,-0.23481804132461548,0.18681801855564117,-0.9427645206451416
1.516,-0.14738252758979797,-0.23329678177833557,0.18903028964996338,-0.9424005150794983
1.54,-0.15027545392513275,-0.2309519201517105,0.19240257143974304,-0.9418385624885559
1.56,-0.15267331898212433,-0.22893771529197693,0.19526928663253784,-0.941354513168335
1.576,-0.15458105504512787,-0.22728614509105682,0.1976163685321808,-0.9409535527229309
1.596,-0.1569417119026184,-0.22516734898090363,0.2005891501903534,-0.9404429197311401
1.612,-0.15881498157978058,-0.22342675924301147,0.20303824543952942,-0.9400179982185364
1.628,-0.16066652536392212,-0.22164922952651978,0.20551465451717377,-0.9395859837532043
1.652,-0.16340050101280212,-0.2189120501279831,0.20927710831165314,-0.9389254450798035
1.668,-0.16519016027450562,-0.2170349508523941,0.21181799471378326,-0.9384781718254089
1.684,-0.1669512689113617,-0.21511255204677582,0.2143845111131668,-0.9380261898040771
1.708,-0.16953323781490326,-0.21213500201702118,0.21828995645046234,-0.937340259552002
1.728,-0.17163175344467163,-0.20955976843833923,0.22160640358924866,-0.9367592930793762
1.748,-0.1736970692873001,-0.20688627660274506,0.22503383457660675,-0.9361555576324463
1.772,-0.17611655592918396,-0.20360995829105377,0.2291908711194992,-0.9354130625724792
1.788,-0.1777164787054062,-0.20144255459308624,0.23196236789226532,-0.9348964095115662
1.808,-0.17970101535320282,-0.1987447291612625,0.23544836044311523,-0.9342228174209595
1.828,-0.18165838718414307,-0.19604724645614624,0.23895861208438873,-0.933522641658783
1.844,-0.1831972599029541,-0.1938820332288742,0.2417823076248169,-0.9329469203948975
1.864,-0.1851087510585785,-0.1911340057849884,0.24546729028224945,-0.9321739673614502
1.884,-0.18698593974113464,-0.18834945559501648,0.24926818907260895,-0.9313571453094482
1.9,-0.1884462684392929,-0.18610846996307373,0.25232818722724915,-0.9306890964508057
1.92,-0.19021765887737274,-0.18329283595085144,0.2561814486980438,-0.9298344850540161
1.94,-0.19192664325237274,-0.1804715394973755,0.260059118270874,-0.9289582967758179
1.956,-0.1932414472103119,-0.17821890115737915,0.26316800713539124,-0.9282447695732117
1.972,-0.1945054829120636,-0.17597384750843048,0.2662765681743622,-0.9275223016738892
1.992,-0.19603440165519714,-0.17315521836280823,0.2702413499355316,-0.9265837669372559
2.012,-0.19747599959373474,-0.1703735888004303,0.27413493394851685,-0.9256490468978882
2.028,-0.19856813549995422,-0.16817425191402435,0.27724969387054443,-0.9248895645141602
2.052,-0.20010189712047577,-0.16492977738380432,0.2819218039512634,-0.923730194568634
2.068,-0.20105323195457458,-0.16281580924987793,0.2850283980369568,-0.922944962978363
2.088,-0.20215870440006256,-0.16024182736873627,0.28889670968055725,-0.9219508171081543
2.112,-0.20339088141918182,-0.15728029608726501,0.29355910420417786,-0.9207161068916321
2.132,-0.2043655961751938,-0.15497829020023346,0.29744961857795715,-0.919641375541687
2.148,-0.20510607957839966,-0.15324456989765167,0.300552636384964,-0.9187577962875366
2.172,-0.20615042746067047,-0.15079891681671143,0.3052120506763458,-0.9173916578292847
2.196,-0.2071121782064438,-0.14853082597255707,0.30987903475761414,-0.9159794449806213
2.212,-0.2077041119337082,-0.14711658656597137,0.31298381090164185,-0.9150174260139465
2.232,-0.20839478075504303,-0.14542526006698608,0.31691375374794006,-0.9137771725654602
2.248,-0.20890510082244873,-0.14412973821163177,0.3200884461402893,-0.9127588272094727
2.264,-0.2093755453824997,-0.14289085566997528,0.32327017188072205,-0.9117239713668823
2.28,-0.20980922877788544,-0.1417001485824585,0.32647061347961426,-0.9106690287590027
2.304,-0.2103891223669052,-0.14000900089740753,0.3312920331954956,-0.9090542197227478
2.328,-0.2108852118253708,-0.13844119012355804,0.33612778782844543,-0.907402753829956
2.344,-0.21116903424263,-0.13746540248394012,0.33935365080833435,-0.9062837362289429
2.364,-0.21147869527339935,-0.1363029032945633,0.3434130549430847,-0.90485680103302
2.38,-0.2116873413324356,-0.13542819023132324,0.34667012095451355,-0.903696596622467
2.4,-0.2119099348783493,-0.1344166398048401,0.35074254870414734,-0.9022229313850403
2.424,-0.2121710479259491,-0.13340383768081665,0.35559168457984924,-0.90041184425354
2.448,-0.2124243527650833,-0.13258573412895203,0.36042189598083496,-0.8985505700111389
2.464,-0.2125847488641739,-0.1321314424276352,0.3636375963687897,-0.8972829580307007
2.48,-0.21273934841156006,-0.13173514604568481,0.3668668866157532,-0.8959891200065613
2.5,-0.21292905509471893,-0.13129867613315582,0.3709651231765747,-0.8943192362785339
2.52,-0.2131081074476242,-0.13094134628772736,0.37506547570228577,-0.8926170468330383
2.54,-0.21327485144138336,-0.13064917922019958,0.3791731894016266,-0.8908829092979431
2.564,-0.21345867216587067,-0.1303800791501999,0.38409775495529175,-0.8887662291526794
2.58,-0.21357014775276184,-0.13024497032165527,0.38737955689430237,-0.8873336911201477
2.596,-0.21367360651493073,-0.13013856112957,0.39066287875175476,-0.8858837485313416
2.616,-0.21380525827407837,-0.13000750541687012,0.3948371410369873,-0.8840186595916748
2.636,-0.21392850577831268,-0.12991215288639069,0.3990054130554199,-0.8821293711662292
2.652,-0.21402046084403992,-0.12985722720623016,0.40234145522117615,-0.8805986046791077
2.668,-0.21410703659057617,-0.12981998920440674,0.40568113327026367,-0.8790494203567505
2.688,-0.2142096608877182,-0.12980420887470245,0.40984103083610535,-0.8770949840545654
2.704,-0.21428722143173218,-0.12982876598834991,0.4131161570549011,-0.8755344748497009
2.724,-0.2143760323524475,-0.1298864185810089,0.4172077476978302,-0.8735617399215698
2.74,-0.2144629806280136,-0.12995673716068268,0.4205080568790436,-0.8719460368156433
2.768,-0.214682936668396,-0.13022102415561676,0.4262581765651703,-0.8690556287765503
2.788,-0.2148786336183548,-0.13048596680164337,0.43035760521888733,-0.8669446706771851
2.808,-0.21509583294391632,-0.13078925013542175,0.4344593286514282,-0.8647965788841248
2.824,-0.2152794599533081,-0.1310485154390335,0.43774306774139404,-0.8630539774894714
2.844,-0.2155127376317978,-0.13137295842170715,0.4418978691101074,-0.8608262538909912
2.864,-0.21574550867080688,-0.1316765397787094,0.4461047053337097,-0.8585487008094788
2.884,-0.21597300469875336,-0.13195474445819855,0.45034241676330566,-0.8562332391738892
2.908,-0.21623240411281586,-0.1322571337223053,0.4554315209388733,-0.8534247875213623
2.928,-0.2164386808872223,-0.1324823945760727,0.459665983915329,-0.8510639071464539
2.948,-0.21663206815719604,-0.13267503678798676,0.46390020847320557,-0.8486839532852173
2.964,-0.21677741408348083,-0.13280527293682098,0.4672830402851105,-0.8467684984207153
2.992,-0.21702060103416443,-0.13294658064842224,0.47326570749282837,-0.8433545231819153
3.016,-0.21721509099006653,-0.1329939216375351,0.47840559482574463,-0.8403918147087097
3.036,-0.21738587319850922,-0.13301947712898254,0.48267310857772827,-0.8378996849060059
3.056,-0.2176053524017334,-0.1330946534872055,0.48690685629844666,-0.8353774547576904
3.076,-0.21786653995513916,-0.1332206130027771,0.4911055564880371,-0.832827627658844
3.096,-0.21816225349903107,-0.13338768482208252,0.49526575207710266,-0.8302559852600098
3.112,-0.21842342615127563,-0.13352611660957336,0.49860674142837524,-0.8281625509262085
3.128,-0.21869897842407227,-0.13367372751235962,0.5019506812095642,-0.8260433673858643
3.148,-0.2190556526184082,-0.13387620449066162,0.5061026811599731,-0.8233783841133118
3.164,-0.21934400498867035,-0.13404910266399384,0.5094029903411865,-0.8212354183197021
3.184,-0.21970584988594055,-0.13427746295928955,0.513500452041626,-0.8185451626777649
3.204,-0.22006681561470032,-0.13452257215976715,0.517562210559845,-0.8158453702926636
3.224,-0.2204241156578064,-0.13478556275367737,0.5215870141983032,-0.8131378293037415
3.244,-0.22077499330043793,-0.13506364822387695,0.5255756974220276,-0.8104236721992493
3.264,-0.22110767662525177,-0.13534824550151825,0.5295636653900146,-0.8076847791671753
3.284,-0.22142210602760315,-0.13564574718475342,0.5335160493850708,-0.8049429655075073
3.3,-0.22165556252002716,-0.13588736951351166,0.5366551280021667,-0.8027482628822327
3.316,-0.22187206149101257,-0.13612787425518036,0.5397753715515137,-0.8005527257919312
3.336,-0.2221187800168991,-0.136424258351326,0.5436388254165649,-0.7978148460388184
3.356,-0.22233718633651733,-0.13670486211776733,0.5474736094474792,-0.7950790524482727
3.376,-0.22252734005451202,-0.13696537911891937,0.5512811541557312,-0.7923454642295837
3.392,-0.22265774011611938,-0.1371556669473648,0.5543174743652344,-0.7901543974876404
3.412,-0.22281335294246674,-0.13738329708576202,0.5581215620040894,-0.7873883247375488
3.432,-0.22300401329994202,-0.13764654099941254,0.5618801712989807,-0.784610390663147
3.456,-0.22326777875423431,-0.1379847377538681,0.5663370490074158,-0.7812643647193909
3.48,-0.22355027496814728,-0.13831543922424316,0.5707226991653442,-0.7779266238212585
3.5,-0.22378411889076233,-0.13854995369911194,0.574367344379425,-0.7751302123069763
3.52,-0.22402499616146088,-0.13874711096286774,0.5779784917831421,-0.7723360061645508
3.536,-0.22422268986701965,-0.13887012004852295,0.5808465480804443,-0.77010178565979
3.556,-0.2244747132062912,-0.1389773190021515,0.5844064950942993,-0.7673105001449585
3.576,-0.22473940253257751,-0.13902835547924042,0.5879402160644531,-0.764519214630127
3.596,-0.22502444684505463,-0.13901974260807037,0.5914452075958252,-0.7617284655570984
3.616,-0.22533954679965973,-0.13894575834274292,0.5949311256408691,-0.7589288949966431
3.632,-0.22561267018318176,-0.1388482302427292,0.5976807475090027,-0.7567020654678345
3.648,-0.2259070873260498,-0.13870719075202942,0.6004143357276917,-0.7544727921485901
3.664,-0.22622297704219818,-0.1385207176208496,0.6031329035758972,-0.7522405385971069
3.684,-0.22664590179920197,-0.13821637630462646,0.6065112352371216,-0.7494478225708008
3.708,-0.22718948125839233,-0.13774549961090088,0.6105128526687622,-0.7461134791374207
3.728,-0.22767587006092072,-0.13725709915161133,0.6138184666633606,-0.7433378100395203
3.748,-0.2282184511423111,-0.13669687509536743,0.6171032190322876,-0.7405498027801514
3.772,-0.228984996676445,-0.13599565625190735,0.6209753751754761,-0.7371978759765625
3.788,-0.2295551896095276,-0.13549885153770447,0.6235246062278748,-0.7349569201469421
3.808,-0.2303164303302765,-0.13482730090618134,0.6266905069351196,-0.7321441173553467
3.832,-0.23127633333206177,-0.13392572104930878,0.6304653286933899,-0.7287583351135254
3.852,-0.23210011422634125,-0.13307638466358185,0.6335945725440979,-0.7259325981140137
3.872,-0.23293669521808624,-0.1321268379688263,0.6367378830909729,-0.7230823040008545
3.888,-0.23361138999462128,-0.13130001723766327,0.6392450332641602,-0.720799446105957
3.908,-0.234455868601799,-0.13018283247947693,0.6423701643943787,-0.7179439663887024
3.932,-0.2354613095521927,-0.1287197470664978,0.6461009979248047,-0.7145227789878845
3.948,-0.23612195253372192,-0.1276717633008957,0.6485801339149475,-0.7122430801391602
3.964,-0.2367747575044632,-0.126570463180542,0.6510499715805054,-0.7099659442901611
3.988,-0.2377430945634842,-0.12480521202087402,0.6547554731369019,-0.7065388560295105
4.004,-0.23837696015834808,-0.12356150895357132,0.6572185158729553,-0.7042533755302429
4.024,-0.2391536384820938,-0.12194414436817169,0.6602810025215149,-0.7014015316963196
4.044,-0.23991136252880096,-0.12026406079530716,0.6633217334747314,-0.6985580325126648
4.064,-0.2406494915485382,-0.11852869391441345,0.6663352847099304,-0.6957269906997681
4.08,-0.24123643338680267,-0.117120660841465,0.6687233448028564,-0.6934672594070435
4.1,-0.2420114278793335,-0.1153847873210907,0.6716618537902832,-0.6906426548957825
4.12,-0.2428172081708908,-0.11365815252065659,0.6745900511741638,-0.6877862811088562
4.136,-0.24347791075706482,-0.11228875815868378,0.6769044995307922,-0.6854998469352722
4.156,-0.2443084716796875,-0.11058910936117172,0.67975914478302,-0.682650089263916
4.176,-0.24513593316078186,-0.10890442878007889,0.682572603225708,-0.6798108816146851
4.196,-0.24595479667186737,-0.10723961144685745,0.6853419542312622,-0.6769876480102539
4.224,-0.2470841258764267,-0.10495233535766602,0.6891387701034546,-0.6730692982673645
4.244,-0.24788036942481995,-0.10335029661655426,0.6917959451675415,-0.6702927350997925
4.26,-0.24851182103157043,-0.1020914763212204,0.6938856840133667,-0.6680881977081299
4.276,-0.24913540482521057,-0.10085047036409378,0.6959452033042908,-0.6658986806869507
4.296,-0.2499009370803833,-0.09931997209787369,0.6984829902648926,-0.6631791591644287
4.32,-0.2507995367050171,-0.09751774370670319,0.7014757990837097,-0.6599406003952026
4.34,-0.2515331208705902,-0.09604673087596893,0.7039246559143066,-0.6572642922401428
4.364,-0.2523907423019409,-0.09429872035980225,0.7068319916725159,-0.6540606617927551
4.38,-0.2529720664024353,-0.09316006302833557,0.7087424397468567,-0.6519283652305603
4.4,-0.25375306606292725,-0.09180092811584473,0.7110822200775146,-0.6492643356323242
4.416,-0.25440943241119385,-0.09075150638818741,0.7129234075546265,-0.6471322774887085
4.432,-0.25508466362953186,-0.08972860872745514,0.7147387266159058,-0.6450032591819763
4.452,-0.25594714283943176,-0.08848117291927338,0.7169739007949829,-0.6423477530479431
4.48,-0.2571776807308197,-0.08676733076572418,0.7200396060943604,-0.6386501789093018
4.5,-0.25807663798332214,-0.08553676307201385,0.7221916317939758,-0.6360182166099548
4.524,-0.2591511607170105,-0.08406311273574829,0.7247384190559387,-0.6328731179237366
4.544,-0.26003292202949524,-0.08283199369907379,0.7268311381340027,-0.6302685141563416
4.564,-0.26089340448379517,-0.08159543573856354,0.7289013862609863,-0.6276780366897583
4.584,-0.26172325015068054,-0.08035784214735031,0.7309558391571045,-0.6250978112220764
4.604,-0.2625141143798828,-0.0791168212890625,0.7329990267753601,-0.6225265860557556
4.62,-0.2631138265132904,-0.07812519371509552,0.7346171140670776,-0.6204879283905029
4.644,-0.2639475464820862,-0.07663578540086746,0.737034261226654,-0.617445707321167
4.66,-0.2644544839859009,-0.07564272731542587,0.738641083240509,-0.6154279112815857
4.676,-0.2649213373661041,-0.07465298473834991,0.7402441501617432,-0.6134185194969177
4.7,-0.26554837822914124,-0.07317700237035751,0.7426355481147766,-0.6104274988174438
4.72,-0.2659994959831238,-0.07195556908845901,0.7446243166923523,-0.6079485416412354
4.74,-0.26638785004615784,-0.07074277102947235,0.746602475643158,-0.6054897904396057
4.76,-0.2667514383792877,-0.06955382227897644,0.7485653758049011,-0.6030389070510864
4.78,-0.2671308219432831,-0.06841231882572174,0.750502347946167,-0.6005890369415283
4.8,-0.2675105929374695,-0.06730468571186066,0.75242018699646,-0.5981405973434448
4.82,-0.2678759694099426,-0.06621724367141724,0.7543171048164368,-0.5957040786743164
4.84,-0.26821407675743103,-0.06513363122940063,0.756197988986969,-0.5932820439338684
4.856,-0.26845583319664,-0.06425143778324127,0.7577129602432251,-0.5913326740264893
4.88,-0.26875749230384827,-0.06287269294261932,0.7600361704826355,-0.5883548855781555
4.9,-0.2689611315727234,-0.06169770285487175,0.7619689106941223,-0.5858811736106873
4.916,-0.26909422874450684,-0.06073586270213127,0.7635181546211243,-0.5839003324508667
4.932,-0.2692013382911682,-0.05975233018398285,0.7650722861289978,-0.5819147825241089
4.956,-0.26931869983673096,-0.05824330449104309,0.7674093246459961,-0.5789284110069275
4.976,-0.2693851888179779,-0.056952137500047684,0.7693744897842407,-0.5764122009277344
4.996,-0.2694275677204132,-0.055632784962654114,0.7713455557823181,-0.5738814473152161
5.012,-0.26944541931152344,-0.05456429719924927,0.7729198932647705,-0.571853756904602
5.036,-0.2694511413574219,-0.05294208973646164,0.7752739787101746,-0.568808913230896
5.056,-0.2694432735443115,-0.05158166214823723,0.777223527431488,-0.5662714838981628
5.072,-0.26942935585975647,-0.05048816651105881,0.7787771224975586,-0.5642383098602295
5.092,-0.269426554441452,-0.0491277240216732,0.7807036638259888,-0.5616917610168457
5.112,-0.2694973051548004,-0.047806285321712494,0.7825910449028015,-0.5591394901275635
5.128,-0.26959794759750366,-0.046768900007009506,0.7840778827667236,-0.5570918917655945
5.148,-0.269763320684433,-0.04548267275094986,0.7859179377555847,-0.554519772529602
5.172,-0.2700028717517853,-0.04394335672259331,0.7881048917770386,-0.5514146089553833
5.192,-0.27023276686668396,-0.04265189170837402,0.7899203896522522,-0.548799455165863
5.208,-0.270431250333786,-0.04161018133163452,0.7913668155670166,-0.5466936826705933
5.232,-0.27074432373046875,-0.040040455758571625,0.7935245037078857,-0.543519139289856
5.248,-0.2709623873233795,-0.038991380482912064,0.7949546575546265,-0.5413926839828491
5.268,-0.271246999502182,-0.03767002001404762,0.7967342734336853,-0.5387210845947266
5.288,-0.2715390622615814,-0.03633152320981026,0.7985100150108337,-0.5360301733016968
5.304,-0.27178069949150085,-0.03524753078818321,0.7999271750450134,-0.5338628888130188
5.32,-0.2720341086387634,-0.034148283302783966,0.801344633102417,-0.5316749811172485
5.348,-0.2725057601928711,-0.03218545764684677,0.8038193583488464,-0.5278061032295227
5.368,-0.2728540599346161,-0.030726557597517967,0.8056106567382812,-0.5249744057655334
5.388,-0.2732250392436981,-0.02923968806862831,0.8073978424072266,-0.5221129059791565
5.408,-0.27362075448036194,-0.027725033462047577,0.809180736541748,-0.5192201733589172
5.428,-0.27407106757164,-0.026200037449598312,0.8109457492828369,-0.5162999033927917
5.448,-0.2746337652206421,-0.024697504937648773,0.8126738667488098,-0.5133494734764099
5.472,-0.2754334807395935,-0.02291894517838955,0.8147020936012268,-0.5097759962081909
5.492,-0.27617985010147095,-0.021431075409054756,0.8163775205612183,-0.5067477226257324
5.516,-0.27714794874191284,-0.019641045480966568,0.8183625936508179,-0.503076434135437
5.536,-0.2779959738254547,-0.01815170980989933,0.8199905753135681,-0.5000044107437134
5.556,-0.2788679897785187,-0.01666780188679695,0.8215984106063843,-0.4969216287136078
5.588,-0.2802768051624298,-0.014302698895335197,0.8241457343101501,-0.49195975065231323
5.604,-0.2809657156467438,-0.01311908382922411,0.8254308700561523,-0.48943856358528137
5.628,-0.28197047114372253,-0.011354057118296623,0.8273615837097168,-0.4856300354003906
5.648,-0.2827743589878082,-0.009896363131701946,0.8289682865142822,-0.48244404792785645
5.668,-0.28353700041770935,-0.008452914655208588,0.8305718302726746,-0.4792555570602417
5.684,-0.28411412239074707,-0.007312060799449682,0.8318516612052917,-0.4767060875892639
5.7,-0.2846604585647583,-0.006183016113936901,0.8331316113471985,-0.4741537868976593
5.72,-0.2853003442287445,-0.00479293754324317,0.8347311615943909,-0.47096145153045654
5.74,-0.2858838140964508,-0.0034201485104858875,0.8363362550735474,-0.46776118874549866
5.768,-0.2866516411304474,-0.001551539869979024,0.8385744094848633,-0.4632726311683655
5.792,-0.28734689950942993,-3.231887239962816e-05,0.8404607772827148,-0.4594099521636963
5.812,-0.28792840242385864,0.0011884716805070639,0.842016339302063,-0.45618459582328796
5.836,-0.2885989248752594,0.0026103556156158447,0.8438732028007507,-0.4523073434829712
5.856,-0.28911253809928894,0.0037731959018856287,0.8454225659370422,-0.44906604290008545
5.876,-0.2895714342594147,0.004920158069580793,0.8469735980033875,-0.4458250105381012
5.896,-0.2899656891822815,0.00605806102976203,0.8485295176506042,-0.4425843358039856
5.912,-0.2902281582355499,0.006971109192818403,0.8497864007949829,-0.4399796724319458
5.932,-0.2904917895793915,0.008117190562188625,0.8513725996017456,-0.436707466840744
5.948,-0.29065126180648804,0.00904073379933834,0.8526555299758911,-0.43407222628593445
5.968,-0.290781706571579,0.010210670530796051,0.8542783856391907,-0.430755615234375
5.984,-0.29082560539245605,0.011171935126185417,0.855596125125885,-0.4280780553817749
6.004,-0.2908060848712921,0.012397941201925278,0.8572652339935303,-0.4247053861618042
6.028,-0.29068246483802795,0.013894940726459026,0.859289824962616,-0.42063260078430176
6.048,-0.29050207138061523,0.015165502205491066,0.8609938621520996,-0.4172147512435913
6.064,-0.29034608602523804,0.0161850918084383,0.8623561859130859,-0.41446229815483093
6.084,-0.2901708483695984,0.017451025545597076,0.8640467524528503,-0.4109984040260315
6.108,-0.2899651527404785,0.01896646060049534,0.8660654425621033,-0.40680602192878723
6.124,-0.2898174822330475,0.019976673647761345,0.8674077987670898,-0.4039933383464813
6.144,-0.28960809111595154,0.02124178782105446,0.8690853714942932,-0.4004581868648529
6.164,-0.2893577516078949,0.022515015676617622,0.8707684278488159,-0.39689740538597107
6.188,-0.28898999094963074,0.024060647934675217,0.8727982044219971,-0.39259299635887146
6.208,-0.2886302173137665,0.025360479950904846,0.8744973540306091,-0.3889780044555664
6.228,-0.2882218658924103,0.026672793552279472,0.8762045502662659,-0.3853340446949005
6.244,-0.2878468930721283,0.02773829735815525,0.8775848746299744,-0.3823867738246918
6.268,-0.2872137725353241,0.02935350500047207,0.8796653151512146,-0.3779360353946686
6.288,-0.2866303026676178,0.03071088157594204,0.8814043402671814,-0.37420082092285156
6.304,-0.2861345112323761,0.031802497804164886,0.8827969431877136,-0.3711945116519928
6.328,-0.28534984588623047,0.033444538712501526,0.8848860859870911,-0.366651713848114
6.348,-0.28467515110969543,0.03480817750096321,0.8866177201271057,-0.362846314907074
6.372,-0.28394925594329834,0.03642153739929199,0.8886384963989258,-0.3582848310470581
6.388,-0.2835150957107544,0.037480052560567856,0.8899602890014648,-0.35522565245628357
6.408,-0.28300800919532776,0.03879030793905258,0.8915884494781494,-0.3513857424259186
6.428,-0.2825220823287964,0.04009237140417099,0.8931955695152283,-0.3475280702114105
6.452,-0.2819395363330841,0.0416456013917923,0.8951050043106079,-0.3428741693496704
6.472,-0.28143975138664246,0.04293238744139671,0.8966848850250244,-0.33897584676742554
6.496,-0.28080451488494873,0.044471051543951035,0.8985757231712341,-0.3342648446559906
6.512,-0.280351459980011,0.04549581557512283,0.8998342156410217,-0.3311064541339874
6.536,-0.2796183228492737,0.04703040421009064,0.9017219543457031,-0.32634222507476807
6.552,-0.2790960967540741,0.048049960285425186,0.90297931432724,-0.32314860820770264
6.572,-0.2784079313278198,0.049320243299007416,0.9045484066009521,-0.3191376030445099
6.592,-0.2776787281036377,0.05058513581752777,0.9061154127120972,-0.3151039481163025
6.612,-0.27691248059272766,0.05184415727853775,0.907678484916687,-0.3110489547252655
6.632,-0.2761014401912689,0.053098179399967194,0.909239649772644,-0.3069722354412079
6.656,-0.27507802844047546,0.05458960309624672,0.911101758480072,-0.30206915736198425
6.676,-0.2741917073726654,0.055821288377046585,0.9126412868499756,-0.29797443747520447
6.696,-0.2732807397842407,0.057046953588724136,0.9141712188720703,-0.29386118054389954
6.72,-0.27215999364852905,0.05850983411073685,0.915991485118866,-0.2889031767845154
6.744,-0.2710917294025421,0.05995393916964531,0.9177711606025696,-0.2839207351207733
6.764,-0.2702789306640625,0.06113819405436516,0.9192120432853699,-0.2797510325908661
6.788,-0.26936987042427063,0.06254076212644577,0.9208987951278687,-0.2747255861759186
6.812,-0.26851749420166016,0.06391717493534088,0.9225335121154785,-0.2697124779224396
6.832,-0.2678428590297699,0.06505770236253738,0.9238660335540771,-0.2655172348022461
6.852,-0.26719850301742554,0.06619284301996231,0.9251714944839478,-0.26130685210227966
6.868,-0.26669636368751526,0.06710250675678253,0.9262014031410217,-0.2579171061515808
6.892,-0.26596108078956604,0.06846321374177933,0.9277218580245972,-0.2528037130832672
6.912,-0.2653607428073883,0.06958748400211334,0.9289659857749939,-0.24852266907691956
6.928,-0.26488909125328064,0.0704805999994278,0.9299459457397461,-0.24508552253246307
6.948,-0.2643132209777832,0.07159115374088287,0.931149959564209,-0.24077588319778442
6.964,-0.26386451721191406,0.07247217744588852,0.9320955872535706,-0.23732051253318787
6.988,-0.2632294297218323,0.0737747997045517,0.9334796667098999,-0.23212751746177673
7.008,-0.2628025710582733,0.07483518868684769,0.9345813393592834,-0.2277986854314804
7.032,-0.26239675283432007,0.07607908546924591,0.9358463883399963,-0.2226019650697708
7.052,-0.2621292173862457,0.07709347456693649,0.9368583559989929,-0.2182687669992447
7.068,-0.26195046305656433,0.07789193093776703,0.9376435875892639,-0.2148011028766632
7.092,-0.26172909140586853,0.07905620336532593,0.9387758374214172,-0.20963752269744873
7.112,-0.2615874707698822,0.0800003781914711,0.9396853446960449,-0.2053375542163849
7.136,-0.2614615857601166,0.08110521733760834,0.9407383799552917,-0.20017771422863007
7.152,-0.2613948583602905,0.08183038234710693,0.9414210915565491,-0.1967303603887558
7.172,-0.26132333278656006,0.08272133767604828,0.9422543048858643,-0.19241665303707123
7.192,-0.2612534463405609,0.0835980549454689,0.9430680871009827,-0.18809770047664642
7.208,-0.261188268661499,0.0842929556965828,0.9437081813812256,-0.18463608622550964
7.228,-0.2610902190208435,0.08515744656324387,0.9444949626922607,-0.18030397593975067
7.252,-0.2609430253505707,0.08618723601102829,0.9454184770584106,-0.1751125156879425
7.268,-0.2608221769332886,0.08686946332454681,0.9460248947143555,-0.17164641618728638
7.284,-0.2606808841228485,0.08754599094390869,0.9466231465339661,-0.16818416118621826
7.304,-0.260469913482666,0.08838196843862534,0.9473613500595093,-0.16386127471923828
7.32,-0.2602729797363281,0.08904435485601425,0.9479455351829529,-0.1604011356830597
7.34,-0.25999587774276733,0.0898655503988266,0.9486662745475769,-0.15607252717018127
7.356,-0.2597654461860657,0.09050678461790085,0.9492282867431641,-0.15263043344020844
7.376,-0.25951650738716125,0.09129470586776733,0.9499025940895081,-0.14832936227321625
7.4,-0.2592872977256775,0.09222923219203949,0.9506660103797913,-0.1431719958782196
7.42,-0.2591369152069092,0.09300196170806885,0.951267659664154,-0.13888362050056458
7.436,-0.25902774930000305,0.09361773729324341,0.9517305493354797,-0.13545958697795868
7.456,-0.2588912844657898,0.09439072757959366,0.9522914290428162,-0.13117451965808868
7.472,-0.25877827405929565,0.09501388669013977,0.9527266025543213,-0.12774358689785004
7.496,-0.2585868537425995,0.09595980495214462,0.9533635377883911,-0.12256625294685364
7.512,-0.25844454765319824,0.09659978747367859,0.9537760615348816,-0.11910567432641983
7.532,-0.2582515478134155,0.09740577638149261,0.9542772173881531,-0.1147749200463295
7.556,-0.25799763202667236,0.09838252514600754,0.9548566341400146,-0.10957677662372589
7.572,-0.2578141689300537,0.09904447197914124,0.9552299380302429,-0.10610298812389374
7.596,-0.2575189173221588,0.10004845261573792,0.955769419670105,-0.1008923202753067
7.612,-0.25730955600738525,0.10072185099124908,0.9561149477958679,-0.09742280840873718
7.632,-0.25703680515289307,0.10157216340303421,0.9565301537513733,-0.09308712929487228
7.648,-0.25681108236312866,0.10226213932037354,0.9568493366241455,-0.08961053937673569
7.672,-0.256462961435318,0.10330507904291153,0.9573037624359131,-0.08440598100423813
7.692,-0.2561802566051483,0.1041792556643486,0.9576563835144043,-0.08007977157831192
7.712,-0.2559710144996643,0.10505746304988861,0.9579660892486572,-0.07578084617853165
7.728,-0.2558620870113373,0.10576228052377701,0.9581825733184814,-0.07235464453697205
7.744,-0.2557872235774994,0.10646951198577881,0.9583772420883179,-0.06892289221286774
7.764,-0.2557309865951538,0.1073581725358963,0.9585908651351929,-0.06465015560388565
7.788,-0.25570249557495117,0.10843128710985184,0.9588081240653992,-0.05954752862453461
7.804,-0.25569677352905273,0.10914921760559082,0.9589326977729797,-0.05615861713886261
7.82,-0.25569531321525574,0.10986550897359848,0.9590432047843933,-0.0527796670794487
7.84,-0.2556949555873871,0.11075535416603088,0.9591633081436157,-0.04857240989804268
7.86,-0.25568076968193054,0.11163810640573502,0.9592684507369995,-0.04436769336462021
7.88,-0.25564414262771606,0.11251410841941833,0.9593614339828491,-0.04015573114156723
7.9,-0.25559014081954956,0.11337849497795105,0.9594404101371765,-0.03595970571041107
7.92,-0.2555173933506012,0.1142263188958168,0.9595064520835876,-0.0317896232008934
7.936,-0.25544944405555725,0.1148909330368042,0.9595494270324707,-0.028471827507019043
7.952,-0.2553779184818268,0.11554180830717087,0.9595826864242554,-0.02516738325357437
7.976,-0.25526663661003113,0.1164904236793518,0.9596141576766968,-0.020236393436789513
8.004,-0.2551797032356262,0.11755785346031189,0.959610641002655,-0.014521600678563118
8.024,-0.2552085518836975,0.11829981952905655,0.9595645070075989,-0.010483428835868835
8.048,-0.25531119108200073,0.11916673928499222,0.9594703316688538,-0.005674236454069614
8.064,-0.2554020583629608,0.11973278224468231,0.9593892693519592,-0.0024805956054478884
8.084,-0.25551939010620117,0.12042714655399323,0.9592731595039368,0.0014951580669730902
8.108,-0.25564101338386536,0.12124098092317581,0.9591190218925476,0.006247653625905514
8.124,-0.25569573044776917,0.12177159637212753,0.959011435508728,0.009411071427166462
8.148,-0.255728155374527,0.12255311757326126,0.9588450789451599,0.014140280894935131
8.172,-0.2556892931461334,0.12332303822040558,0.9586758017539978,0.018850065767765045
8.192,-0.25559768080711365,0.12395752221345901,0.9585334062576294,0.02276267483830452
8.216,-0.25542116165161133,0.12471102923154831,0.9583605527877808,0.027427908033132553
8.232,-0.25526124238967896,0.12521320581436157,0.9582439064979553,0.030530059710144997
8.248,-0.25506940484046936,0.12571752071380615,0.9581252336502075,0.03362726792693138
8.268,-0.2547823190689087,0.1263533979654312,0.9579746127128601,0.037490084767341614
8.288,-0.25444185733795166,0.1269952952861786,0.9578219652175903,0.04133690893650055
8.304,-0.2541329860687256,0.12751589715480804,0.957697331905365,0.04440787434577942
8.324,-0.2537127733230591,0.1281750351190567,0.9575353860855103,0.04823919013142586
8.344,-0.25332850217819214,0.12885376811027527,0.9573466777801514,0.05204594135284424
8.368,-0.2529166042804718,0.12969151139259338,0.9570834636688232,0.05660851299762726
8.384,-0.2526528537273407,0.1302671581506729,0.9568907618522644,0.05964245647192001
8.404,-0.25231871008872986,0.13100619614124298,0.9566346406936646,0.06342601776123047
8.424,-0.251970112323761,0.13176792860031128,0.9563648700714111,0.0671917200088501
8.44,-0.2516733705997467,0.13239561021327972,0.9561401605606079,0.07019972056150436
8.46,-0.25127702951431274,0.13320235908031464,0.9558493494987488,0.07395327091217041
8.484,-0.2507566511631012,0.13420701026916504,0.9554872512817383,0.078446164727211
8.508,-0.2501853108406067,0.13525119423866272,0.9551116824150085,0.08292286843061447
8.524,-0.24977073073387146,0.1359703242778778,0.9548545479774475,0.08590466529130936
8.54,-0.2493264079093933,0.13670729100704193,0.9545924663543701,0.08888587355613708
8.56,-0.24872009456157684,0.13765494525432587,0.9542601704597473,0.09261229634284973
8.58,-0.2480514943599701,0.13863353431224823,0.953923225402832,0.09634121507406235
8.608,-0.2470063716173172,0.14005614817142487,0.9534448981285095,0.10156267136335373
8.628,-0.24618558585643768,0.1411067545413971,0.9530985951423645,0.10528384149074554
8.652,-0.24511274695396423,0.142398402094841,0.952678382396698,0.1097555011510849
8.672,-0.2441880702972412,0.14350625872612,0.9523128867149353,0.11348270624876022
8.688,-0.2434680014848709,0.14442312717437744,0.9519994258880615,0.11645756661891937
8.708,-0.24257570505142212,0.14560480415821075,0.9515858292579651,0.12016984820365906
8.724,-0.2418583482503891,0.1465759426355362,0.9512395858764648,0.12313985079526901
8.74,-0.24113188683986664,0.14756391942501068,0.9508824348449707,0.12610657513141632
8.756,-0.24038630723953247,0.14857134222984314,0.9505147933959961,0.12908421456813812
8.776,-0.23942220211029053,0.14985434710979462,0.9500418901443481,0.132820263504982
8.8,-0.2382121980190277,0.15142039954662323,0.9494593143463135,0.13730941712856293
8.82,-0.237153559923172,0.1527419239282608,0.948963463306427,0.14105552434921265
8.84,-0.23604770004749298,0.15407492220401764,0.9484593868255615,0.1448008269071579
8.86,-0.23489832878112793,0.15541543066501617,0.9479464292526245,0.14854827523231506
8.876,-0.23395080864429474,0.1564895510673523,0.9475288987159729,0.15154878795146942
8.896,-0.23273000121116638,0.15783578157424927,0.9469983577728271,0.15530255436897278
8.916,-0.2314658761024475,0.15918593108654022,0.9464556574821472,0.15907572209835052
8.932,-0.23042313754558563,0.16026383638381958,0.9460160732269287,0.16209402680397034
8.952,-0.22908873856067657,0.16160772740840912,0.9454577565193176,0.1658642441034317
8.972,-0.22778382897377014,0.1629607379436493,0.9448751211166382,0.16961517930030823
8.996,-0.2262880653142929,0.16459132730960846,0.9441343545913696,0.1741086095571518
9.016,-0.22507445514202118,0.16595833003520966,0.9434904456138611,0.17783445119857788
9.036,-0.22387874126434326,0.16732379794120789,0.9428300857543945,0.18152868747711182
9.056,-0.2226928025484085,0.16868260502815247,0.9421577453613281,0.18518348038196564
9.076,-0.22151592373847961,0.17003947496414185,0.9414681196212769,0.18882551789283752
9.1,-0.22010794281959534,0.17166255414485931,0.9406203031539917,0.1931789517402649
9.12,-0.21894501149654388,0.1730010062456131,0.9398992657661438,0.19678224623203278
9.144,-0.21754923462867737,0.17459413409233093,0.9390150904655457,0.20109662413597107
9.164,-0.21638695895671844,0.17590834200382233,0.9382625818252563,0.2046857625246048
9.188,-0.2149915248155594,0.17745959758758545,0.9373504519462585,0.20895236730575562
9.204,-0.21406099200248718,0.17848271131515503,0.9367310404777527,0.21179409325122833
9.22,-0.2131309062242508,0.17949725687503815,0.9361024498939514,0.21463502943515778
9.236,-0.21220296621322632,0.1805000901222229,0.9354653358459473,0.21747241914272308
9.252,-0.2112755924463272,0.18149378895759583,0.9348203539848328,0.22030363976955414
9.268,-0.21034963428974152,0.18247820436954498,0.9341655969619751,0.22313548624515533
9.284,-0.20942677557468414,0.1834513396024704,0.9335014820098877,0.2259671837091446
9.304,-0.20831604301929474,0.18466730415821075,0.9326496124267578,0.22949326038360596
9.324,-0.20729580521583557,0.18589361011981964,0.931767463684082,0.23298387229442596
9.344,-0.20634229481220245,0.1871296614408493,0.9308546781539917,0.23646315932273865
9.368,-0.2052682340145111,0.18862417340278625,0.9297266602516174,0.2406122237443924
9.384,-0.2045801728963852,0.18961946666240692,0.928957462310791,0.24337129294872284
9.408,-0.2035670429468155,0.1911018192768097,0.927782416343689,0.24750834703445435
9.428,-0.20272885262966156,0.1923188865184784,0.9267873764038086,0.2509576380252838
9.448,-0.20189110934734344,0.19351068139076233,0.9257806539535522,0.25440898537635803
9.472,-0.2008722722530365,0.1948997974395752,0.9245615005493164,0.2585545480251312
9.488,-0.20018000900745392,0.19579900801181793,0.923743724822998,0.2613205015659332
9.504,-0.19947472214698792,0.19667403399944305,0.9229223728179932,0.26409024000167847
9.52,-0.1987561136484146,0.19752316176891327,0.9220979809761047,0.2668629586696625
9.54,-0.1978386789560318,0.19854353368282318,0.9210655093193054,0.2703308165073395
9.556,-0.1970852017402649,0.19932492077350616,0.9202378392219543,0.27311059832572937
9.58,-0.19591829180717468,0.20043574273586273,0.9189955592155457,0.2772884666919708
9.6,-0.19491244852542877,0.20129790902137756,0.9179625511169434,0.2807721793651581
9.62,-0.1938723474740982,0.20209810137748718,0.9169251918792725,0.28428536653518677
9.64,-0.19284841418266296,0.20286180078983307,0.9158768653869629,0.2877952754497528
9.656,-0.19207771122455597,0.20346295833587646,0.9150216579437256,0.2905934453010559
9.684,-0.19081661105155945,0.20449167490005493,0.9134923219680786,0.2954726815223694
9.704,-0.18996714055538177,0.20520776510238647,0.9123785495758057,0.298944354057312
9.724,-0.18914729356765747,0.20590545237064362,0.9112493395805359,0.3024085760116577
9.74,-0.1885167360305786,0.20645155012607574,0.9103417992591858,0.30515098571777344
9.76,-0.18775303661823273,0.20711995661258698,0.9091947674751282,0.3085692822933197
9.776,-0.18715420365333557,0.20764221251010895,0.9082675576210022,0.3113005459308624
9.796,-0.18641039729118347,0.20827819406986237,0.907098114490509,0.31471312046051025
9.812,-0.18581604957580566,0.20877236127853394,0.906152069568634,0.31745097041130066
9.832,-0.18507035076618195,0.20936916768550873,0.9049599170684814,0.3208754360675812
9.848,-0.18447312712669373,0.2098304182291031,0.9039980173110962,0.3236180245876312
9.868,-0.18371203541755676,0.21038009226322174,0.9027814269065857,0.32707181572914124
9.884,-0.18309587240219116,0.21080033481121063,0.9018024206161499,0.3298356235027313
9.9,-0.18247337639331818,0.21120472252368927,0.900816798210144,0.33260366320610046
9.924,-0.18153835833072662,0.21178555488586426,0.8993239998817444,0.3367597758769989
9.948,-0.1806955486536026,0.2123887985944748,0.8977887034416199,0.3409043550491333
9.972,-0.1799728125333786,0.2130342423915863,0.8962005972862244,0.3450373709201813
9.992,-0.17944231629371643,0.21359698474407196,0.8948416709899902,0.3484753966331482
10.008,-0.17905782163143158,0.21406243741512299,0.8937351703643799,0.35121646523475647
10.024,-0.17870090901851654,0.21454016864299774,0.892613410949707,0.35394909977912903
10.04,-0.17836755514144897,0.21502913534641266,0.8914790153503418,0.3566689193248749
10.056,-0.17805343866348267,0.21552827954292297,0.8903307318687439,0.3593824505805969
10.072,-0.1777549684047699,0.21603509783744812,0.8891695737838745,0.3620906472206116
10.092,-0.1774013191461563,0.21668002009391785,0.8876998424530029,0.36546897888183594
10.112,-0.17706158757209778,0.2173401117324829,0.886211633682251,0.36883795261383057
10.128,-0.17679400742053986,0.21787557005882263,0.885010302066803,0.3715251684188843
10.144,-0.1765230894088745,0.21841219067573547,0.8837989568710327,0.37421292066574097
10.164,-0.17617182433605194,0.2190835326910019,0.8822672963142395,0.37758487462997437
10.188,-0.1757265329360962,0.21988804638385773,0.8804030418395996,0.3816545009613037
10.204,-0.17541414499282837,0.22041930258274078,0.8791489005088806,0.3843728303909302
10.22,-0.17508479952812195,0.22094495594501495,0.8778865337371826,0.3870967924594879
10.24,-0.17463824152946472,0.22157974541187286,0.876292884349823,0.390531450510025
10.256,-0.1742539256811142,0.22207628190517426,0.8750119209289551,0.3932833969593048
10.272,-0.1738758087158203,0.22258226573467255,0.8737167716026306,0.3960345685482025
10.292,-0.17343702912330627,0.2232443392276764,0.8720718622207642,0.39946484565734863
10.308,-0.17310063540935516,0.2237899899482727,0.8707443475723267,0.4021921455860138
10.332,-0.17259396612644196,0.22463227808475494,0.8687279224395752,0.4062801003456116
10.352,-0.1721535176038742,0.22534841299057007,0.8670275211334229,0.40968841314315796
10.372,-0.17168492078781128,0.2260710746049881,0.8653128743171692,0.4130978584289551
10.392,-0.1711740344762802,0.22679740190505981,0.8635854721069336,0.4165123403072357
10.412,-0.17061132192611694,0.22752082347869873,0.8618438839912415,0.4199417531490326
10.432,-0.16998018324375153,0.22823363542556763,0.8600911498069763,0.4233904480934143
10.452,-0.1692681759595871,0.2289307713508606,0.8583341240882874,0.4268508553504944
10.472,-0.16846685111522675,0.22961020469665527,0.8565685153007507,0.43033531308174133
10.488,-0.16775567829608917,0.23013651371002197,0.8551468849182129,0.43315038084983826
10.508,-0.16677415370941162,0.23076999187469482,0.8533614873886108,0.43669867515563965
10.536,-0.1652364730834961,0.23161497712135315,0.8508448004722595,0.4417177140712738
10.556,-0.16403405368328094,0.23219236731529236,0.8490318655967712,0.4453365206718445
10.576,-0.16275592148303986,0.23275381326675415,0.8472014665603638,0.44898319244384766
10.596,-0.1614197939634323,0.23331306874752045,0.8453444242477417,0.45266059041023254
10.62,-0.15981289744377136,0.23403634130954742,0.8430493474006653,0.45711562037467957
10.636,-0.1587681919336319,0.23456092178821564,0.8414888381958008,0.4600767493247986
10.656,-0.15747040510177612,0.2352505475282669,0.839503288269043,0.46378278732299805
10.672,-0.15643155574798584,0.2358214259147644,0.8378917574882507,0.46674925088882446
10.692,-0.15513888001441956,0.23655292391777039,0.8358531594276428,0.4704512357711792
10.708,-0.15411794185638428,0.23715084791183472,0.8342048525810242,0.4734020233154297
10.728,-0.15286418795585632,0.23790086805820465,0.8321513533592224,0.47703251242637634
10.744,-0.1518741399049759,0.23850257694721222,0.8304911851882935,0.479932576417923
10.764,-0.15065181255340576,0.2392537146806717,0.8284011483192444,0.4835423231124878
10.784,-0.14944808185100555,0.23999786376953125,0.8262951374053955,0.4871370792388916
10.8,-0.1484968215227127,0.24058625102043152,0.824600100517273,0.4900016486644745
10.816,-0.14755472540855408,0.24116873741149902,0.8228937983512878,0.49286019802093506
10.836,-0.14638541638851166,0.24188342690467834,0.8207466006278992,0.4964260458946228
10.852,-0.14545151591300964,0.24244357645511627,0.8190088272094727,0.49928903579711914
10.876,-0.1440439373254776,0.2432592809200287,0.8163577914237976,0.5036230683326721
10.896,-0.1428820788860321,0.2439156472682953,0.8141308426856995,0.5072287321090698
10.912,-0.14195939898490906,0.2444232851266861,0.8123379945755005,0.5101097822189331
10.928,-0.14103960990905762,0.2449122965335846,0.8105329871177673,0.5129932165145874
10.948,-0.13989314436912537,0.24549295008182526,0.8082656264305115,0.5165945887565613
10.968,-0.13875363767147064,0.24604293704032898,0.8059890866279602,0.5201845765113831
10.988,-0.1376645267009735,0.24659714102745056,0.8036893606185913,0.5237573385238647
11.004,-0.13684390485286713,0.24705705046653748,0.8018249869346619,0.526605486869812
11.028,-0.13566890358924866,0.2477567046880722,0.799008309841156,0.530845046043396
11.048,-0.13472332060337067,0.24833253026008606,0.7966468930244446,0.5343540906906128
11.064,-0.13397961854934692,0.24878208339214325,0.794750988483429,0.5371479988098145
11.084,-0.1330539882183075,0.2493247538805008,0.792374312877655,0.5406263470649719
11.108,-0.13193699717521667,0.24993902444839478,0.7895125150680542,0.5447871088981628
11.124,-0.13118313252925873,0.25032052397727966,0.7875983715057373,0.5475577712059021
11.144,-0.13022099435329437,0.25076356530189514,0.7852122783660889,0.5510006546974182
11.164,-0.12923552095890045,0.2511669099330902,0.78282231092453,0.5544389486312866
11.188,-0.1280181109905243,0.25159502029418945,0.779949426651001,0.558560848236084
11.212,-0.12676292657852173,0.25196292996406555,0.7770731449127197,0.5626750588417053
11.232,-0.1256963163614273,0.2522323429584503,0.774677038192749,0.5660874247550964
11.256,-0.12439125776290894,0.25251421332359314,0.7717972993850708,0.5701686143875122
11.272,-0.12350702285766602,0.2526739239692688,0.7698735594749451,0.5728844404220581
11.292,-0.12238147109746933,0.25283733010292053,0.7674638628959656,0.5762771964073181
11.312,-0.12123873829841614,0.2529687285423279,0.7650443315505981,0.5796682834625244
11.336,-0.11990542709827423,0.2531469166278839,0.7621119022369385,0.5837163329124451
11.356,-0.11880931258201599,0.25330162048339844,0.7596399188041687,0.5870859026908875
11.376,-0.11770951747894287,0.25344473123550415,0.7571477890014648,0.5904554724693298
11.392,-0.11682163178920746,0.25354278087615967,0.7551442980766296,0.5931493043899536
11.412,-0.11569695919752121,0.2536400556564331,0.752623438835144,0.5965223908424377
11.432,-0.11455287784337997,0.2537018954753876,0.7500828504562378,0.5999072194099426
11.456,-0.11315427720546722,0.25372302532196045,0.7470242977142334,0.6039665341377258
11.476,-0.1119721308350563,0.2536998987197876,0.7444688677787781,0.6073424220085144
11.496,-0.11078115552663803,0.25364235043525696,0.7419044375419617,0.6107134819030762
11.512,-0.10982748866081238,0.2535744309425354,0.7398492693901062,0.6134012341499329
11.532,-0.10863712430000305,0.25346508622169495,0.7372764348983765,0.6167470216751099
11.556,-0.1072206124663353,0.25330209732055664,0.734183132648468,0.6207391023635864
11.58,-0.1058347225189209,0.25310856103897095,0.7311077117919922,0.6246731877326965
11.6,-0.10470904409885406,0.25293436646461487,0.7285391092300415,0.6279260516166687
11.628,-0.10325339436531067,0.25275665521621704,0.7249168753623962,0.6324147582054138
11.644,-0.10249926149845123,0.2527046501636505,0.7228346467018127,0.634936511516571
11.668,-0.10144858807325363,0.2526700794696808,0.7196977734565735,0.638671338558197
11.688,-0.10063692182302475,0.25266966223716736,0.7170702815055847,0.6417479515075684
11.708,-0.09987486898899078,0.25268566608428955,0.7144330143928528,0.6447949409484863
11.724,-0.0992932841181755,0.25270724296569824,0.7123024463653564,0.6472288966178894
11.74,-0.09874103963375092,0.2527390718460083,0.7101767063140869,0.649632453918457
11.76,-0.09807894378900528,0.2527834177017212,0.7075121998786926,0.652616024017334
11.78,-0.09744083136320114,0.25282639265060425,0.7048404812812805,0.655579149723053
11.796,-0.09694100171327591,0.2528589963912964,0.7026960253715515,0.657938539981842
11.82,-0.09620678424835205,0.252896785736084,0.6994752287864685,0.6614543795585632
11.84,-0.09560166299343109,0.25291210412979126,0.6967882513999939,0.664365828037262
11.86,-0.09499569237232208,0.25291040539741516,0.6940984725952148,0.6672627329826355
11.876,-0.09450849145650864,0.252895712852478,0.6919453144073486,0.669569730758667
11.892,-0.09401910752058029,0.2528703212738037,0.6897910833358765,0.6718670129776001
11.92,-0.0931478887796402,0.25280070304870605,0.6860188245773315,0.6758650541305542
11.936,-0.09264332056045532,0.25274839997291565,0.6838700771331787,0.6781277656555176
11.956,-0.09204183518886566,0.25271525979042053,0.6811788082122803,0.6809249520301819
11.984,-0.09127293527126312,0.2527623772621155,0.6773910522460938,0.6847786903381348
12.0,-0.09085250645875931,0.2528253495693207,0.6752175092697144,0.6869545578956604
12.02,-0.09033142030239105,0.2529342472553253,0.6724927425384521,0.6896507143974304
12.04,-0.08980606496334076,0.2530677914619446,0.6697579026222229,0.6923264265060425
12.056,-0.08937639743089676,0.2531881034374237,0.6675631403923035,0.6944546699523926
12.072,-0.08893357962369919,0.25331631302833557,0.6653631925582886,0.6965727210044861
12.088,-0.08847291767597198,0.2534501552581787,0.6631588935852051,0.6986815929412842
12.112,-0.0877394899725914,0.253654420375824,0.6598420739173889,0.701833188533783
12.128,-0.08721903711557388,0.25378933548927307,0.657624363899231,0.7039276361465454
12.144,-0.0866728201508522,0.2539234459400177,0.6554073095321655,0.7060112953186035
12.164,-0.08595443516969681,0.2540879249572754,0.6526345610618591,0.7086037993431091
12.18,-0.08535174280405045,0.2542169988155365,0.6504137516021729,0.7106693387031555
12.196,-0.0847262516617775,0.25434407591819763,0.6481893062591553,0.7127280831336975
12.224,-0.08357701450586319,0.2545621693134308,0.6442857980728149,0.7163161039352417
12.244,-0.08271265029907227,0.25471097230911255,0.6414844989776611,0.718873143196106
12.268,-0.08163245767354965,0.2548832297325134,0.6381165981292725,0.7219265699386597
12.284,-0.08090576529502869,0.2550147771835327,0.6358745694160461,0.7239373326301575
12.308,-0.07985273003578186,0.2552988827228546,0.6325095891952515,0.7268959283828735
12.324,-0.07916681468486786,0.255539208650589,0.6302580237388611,0.728839635848999
12.344,-0.07831671088933945,0.2558836340904236,0.6274375915527344,0.7312401533126831
12.364,-0.07746408879756927,0.2562670111656189,0.6246044039726257,0.7336183190345764
12.388,-0.07643096894025803,0.25676000118255615,0.6211950182914734,0.7364437580108643
12.412,-0.07537557184696198,0.2572733163833618,0.6177763938903809,0.739243745803833
12.436,-0.07428900897502899,0.25778940320014954,0.6143620014190674,0.7420142889022827
12.46,-0.07316663861274719,0.2582871913909912,0.6109500527381897,0.7447646856307983
12.476,-0.07239716500043869,0.25859975814819336,0.6086748242378235,0.746592104434967
12.5,-0.07121666520833969,0.2590329349040985,0.6052742004394531,0.7493152022361755
12.516,-0.07040349394083023,0.25929343700408936,0.6030084490776062,0.7511266469955444
12.532,-0.06956861913204193,0.2595295011997223,0.6007429361343384,0.7529360055923462
12.548,-0.0687110498547554,0.25973987579345703,0.5984781980514526,0.7547435760498047
12.568,-0.06760922819375992,0.2599679231643677,0.5956564545631409,0.7569934129714966
12.584,-0.06670581549406052,0.2601258456707001,0.593402624130249,0.7587873935699463
12.6,-0.06578300148248672,0.26026278734207153,0.5911468863487244,0.760579526424408
12.62,-0.06461461633443832,0.2604272961616516,0.5883228182792664,0.7628098130226135
12.64,-0.06346707046031952,0.2606417238712311,0.5855007767677307,0.765001118183136
12.656,-0.06255447119474411,0.260841429233551,0.5832425355911255,0.7667312622070312
12.672,-0.06163400039076805,0.26105424761772156,0.5809784531593323,0.7684504985809326
12.692,-0.06046266481280327,0.2613259553909302,0.5781391859054565,0.7705894708633423
12.716,-0.0590122751891613,0.26164358854293823,0.5747326016426086,0.7731382250785828
12.736,-0.05775287374854088,0.26188522577285767,0.5718841552734375,0.775260865688324
12.756,-0.05644135922193527,0.26210272312164307,0.5690227746963501,0.7773864269256592
12.772,-0.05535239353775978,0.2622583508491516,0.5667250156402588,0.7790888547897339
12.788,-0.0542287714779377,0.26239991188049316,0.5644181370735168,0.7807931303977966
12.812,-0.05247579142451286,0.2625884413719177,0.5609413385391235,0.7833507657051086
12.828,-0.05126124992966652,0.26269522309303284,0.5586121678352356,0.7850579619407654
12.848,-0.04969179257750511,0.26280108094215393,0.5556973814964294,0.787189245223999
12.864,-0.0483977384865284,0.26286283135414124,0.5533550381660461,0.7888973951339722
12.884,-0.04673270508646965,0.26292043924331665,0.5504135489463806,0.7910334467887878
12.904,-0.045014142990112305,0.26296189427375793,0.5474592447280884,0.7931665778160095
12.924,-0.04327112063765526,0.2630442976951599,0.5444916486740112,0.7952761054039001
12.944,-0.04151824489235878,0.2632017731666565,0.5415033102035522,0.7973551750183105
12.96,-0.04010479524731636,0.2633754312992096,0.5390973687171936,0.7989987730979919
12.98,-0.038316767662763596,0.26363974809646606,0.536062479019165,0.8010386824607849
12.996,-0.03686077520251274,0.2638823091983795,0.5335909724235535,0.8026756048202515
13.012,-0.03538496047258377,0.26415178179740906,0.531105637550354,0.8043000102043152
13.028,-0.03388871252536774,0.2644471824169159,0.5286067724227905,0.8059119582176208
13.052,-0.03160320594906807,0.2649368643760681,0.5248293876647949,0.8083093762397766
13.068,-0.030047791078686714,0.26529115438461304,0.5222898721694946,0.8098957538604736
13.088,-0.028071584179997444,0.26576292514801025,0.5190998911857605,0.8118604421615601
13.108,-0.02606569603085518,0.2662666141986847,0.5158962607383728,0.8138019442558289
13.128,-0.024034857749938965,0.2667987048625946,0.5126803517341614,0.8157203793525696
13.152,-0.021568454802036285,0.26747220754623413,0.5088000297546387,0.8179950714111328
13.172,-0.019492454826831818,0.2680615782737732,0.5055496692657471,0.8198673725128174
13.192,-0.01739778369665146,0.2686767876148224,0.5022832751274109,0.821718692779541
13.212,-0.015285491943359375,0.26931530237197876,0.4990047812461853,0.8235471248626709
13.232,-0.013154595158994198,0.2699720561504364,0.4957118332386017,0.8253556489944458
13.256,-0.010574623942375183,0.27077940106391907,0.4917394816875458,0.827501654624939
13.272,-0.008843309246003628,0.27132448554039,0.48907753825187683,0.8289198279380798
13.296,-0.0062502543441951275,0.27218446135520935,0.4850592017173767,0.8310200572013855
13.316,-0.004117526113986969,0.27298441529273987,0.4816860556602478,0.8327311873435974
13.336,-0.0020000101067125797,0.2738352417945862,0.4782925248146057,0.834414005279541
13.356,0.0001079591311281547,0.2747150659561157,0.4748835861682892,0.836072564125061
13.376,0.0022064896766096354,0.27560925483703613,0.47145557403564453,0.8377138376235962
13.396,0.00429375097155571,0.2765037417411804,0.4680089056491852,0.8393419981002808
13.424,0.007195552345365286,0.2777363359928131,0.46317973732948303,0.841590940952301
13.444,0.009258328005671501,0.2785879671573639,0.4597085118293762,0.8431911468505859
13.468,0.011716725304722786,0.2795661389827728,0.4555196762084961,0.8451079726219177
13.488,0.01374286413192749,0.28033700585365295,0.45201122760772705,0.8467043042182922
13.504,0.015347816981375217,0.2809223532676697,0.4491926431655884,0.8479817509651184
13.528,0.017727188766002655,0.2817423343658447,0.4449446201324463,0.8499008417129517
13.552,0.020067861303687096,0.28249552845954895,0.44067350029945374,0.8518219590187073
13.576,0.022362368181347847,0.28318747878074646,0.4363795518875122,0.8537433743476868
13.596,0.02423490211367607,0.2837215065956116,0.43278467655181885,0.8553432822227478
13.62,0.026440054178237915,0.28430917859077454,0.42843949794769287,0.857268214225769
13.64,0.02821318618953228,0.2848282754421234,0.4248054623603821,0.8588464856147766
13.656,0.029583249241113663,0.28527864813804626,0.42188844084739685,0.8600879311561584
13.672,0.030915191397070885,0.28574591875076294,0.4189630150794983,0.8613150119781494
13.696,0.03284139186143875,0.2864689230918884,0.41457855701446533,0.8631231784820557
13.716,0.03437957912683487,0.28708359599113464,0.4109165668487549,0.8646090030670166
13.732,0.0355633944272995,0.2875764071941376,0.40798166394233704,0.8657864332199097
13.752,0.036987487226724625,0.2881842851638794,0.40430548787117004,0.8672478795051575
13.772,0.03835274279117584,0.28877711296081543,0.40061452984809875,0.8687030673027039
13.788,0.039401400834321976,0.2892376780509949,0.3976561725139618,0.869861364364624
13.804,0.040411077439785004,0.28968676924705505,0.3946920335292816,0.8710148930549622
13.82,0.0413859598338604,0.290121465921402,0.3917071223258972,0.8721709847450256
13.84,0.042562589049339294,0.29063859581947327,0.38795003294944763,0.873620331287384
13.856,0.043469734489917755,0.2910321354866028,0.3849378824234009,0.8747761845588684
13.88,0.04477643966674805,0.2915869653224945,0.3804129958152771,0.8765032887458801
13.904,0.04602127894759178,0.2920900583267212,0.3758734166622162,0.8782281279563904
13.92,0.046815358102321625,0.292409747838974,0.372840940952301,0.879371702671051
13.94,0.047752995043992996,0.2928481996059418,0.36904409527778625,0.8807758688926697
13.96,0.048637934029102325,0.29331910610198975,0.3652355968952179,0.8821572065353394
13.976,0.049315135926008224,0.2937060594558716,0.3621729910373688,0.8832527995109558
13.992,0.04996328800916672,0.29409199953079224,0.3591131567955017,0.8843367099761963
14.016,0.05088717117905617,0.2946403920650482,0.35451358556747437,0.8859557509422302
14.032,0.05147275701165199,0.2949693202972412,0.3514382243156433,0.8870372176170349
14.048,0.052038997411727905,0.2952573001384735,0.3483541011810303,0.8881242275238037
14.072,0.052855540066957474,0.29559770226478577,0.34371691942214966,0.8897678852081299
14.088,0.0533815436065197,0.29575115442276,0.34061533212661743,0.8908776640892029
14.104,0.05389396846294403,0.29583632946014404,0.3375049829483032,0.8920016288757324
14.124,0.054518572986125946,0.29584479331970215,0.3336045742034912,0.8934268355369568
14.148,0.055243946611881256,0.29570361971855164,0.32890748977661133,0.8951689004898071
14.172,0.05593860521912575,0.29539623856544495,0.3241886496543884,0.8969469666481018
14.192,0.05647477135062218,0.2950914800167084,0.3202440142631531,0.8984294533729553
14.212,0.056968268007040024,0.29474908113479614,0.316290944814682,0.8999097943305969
14.228,0.05734141170978546,0.2943837344646454,0.3131234347820282,0.9011126756668091
14.244,0.057696569710969925,0.29391664266586304,0.3099665641784668,0.9023329615592957
14.264,0.05810810253024101,0.29324856400489807,0.3060145974159241,0.9038716554641724
14.284,0.058470189571380615,0.29253897070884705,0.30206021666526794,0.9054070115089417
14.304,0.05878639966249466,0.2917731702327728,0.2981019616127014,0.906944215297699
14.32,0.059008121490478516,0.29111534357070923,0.2949322760105133,0.9081766605377197
14.34,0.0592474564909935,0.2902299463748932,0.29096490144729614,0.9097228646278381
14.364,0.05948357656598091,0.2890589237213135,0.286204069852829,0.911588728427887
14.384,0.059636592864990234,0.2879747748374939,0.2822446823120117,0.9131549000740051
14.404,0.05975187569856644,0.2867906391620636,0.2782796323299408,0.914735734462738
14.424,0.059830211102962494,0.2855049967765808,0.2743098735809326,0.9163303375244141
14.44,0.059864722192287445,0.28440138697624207,0.2711305022239685,0.9176166653633118
14.464,0.05987093970179558,0.2826189696788788,0.2663533687591553,0.9195640087127686
14.484,0.05983242020010948,0.28102055191993713,0.2623741328716278,0.921198844909668
14.508,0.059733159840106964,0.2789681553840637,0.2576082646846771,0.9231721758842468
14.528,0.059610288590192795,0.27713701128959656,0.2536255717277527,0.924832820892334
14.548,0.0594528391957283,0.2751929759979248,0.2496419996023178,0.9265058040618896
14.568,0.059265680611133575,0.2731190621852875,0.24565663933753967,0.9281952977180481
14.592,0.05900850519537926,0.2704506814479828,0.24087417125701904,0.9302440881729126
14.612,0.058774542063474655,0.268075555562973,0.23688839375972748,0.9319682717323303
14.632,0.05852096900343895,0.26557523012161255,0.2329021841287613,0.9337031841278076
14.652,0.05823642015457153,0.26302796602249146,0.22892378270626068,0.9354243874549866
14.672,0.057923994958400726,0.26042884588241577,0.22495903074741364,0.9371312856674194
14.692,0.057590145617723465,0.25773483514785767,0.22099849581718445,0.9388375282287598
14.712,0.057237349450588226,0.25491032004356384,0.21704204380512238,0.9405517578125
14.736,0.05678163096308708,0.25133705139160156,0.2123052179813385,0.9426198601722717
14.756,0.0563775859773159,0.24819529056549072,0.20836766064167023,0.9443535804748535
14.772,0.05604211986064911,0.2455715388059616,0.2052205502986908,0.9457475543022156
14.788,0.055697400122880936,0.24284574389457703,0.20207679271697998,0.9471477270126343
14.812,0.055167656391859055,0.2385607808828354,0.1973589062690735,0.9492601752281189
14.828,0.05480701103806496,0.23556776344776154,0.19421501457691193,0.950675904750824
14.848,0.05435014143586159,0.23167665302753448,0.19028887152671814,0.952450692653656
14.876,0.05369585007429123,0.2259475439786911,0.18480826914310455,0.9549399614334106
14.9,0.05312759056687355,0.22078388929367065,0.1801375448703766,0.9570697546005249
14.92,0.05265258252620697,0.21630741655826569,0.17625541985034943,0.9588392972946167
14.94,0.05217909812927246,0.21167996525764465,0.17238542437553406,0.960599958896637
14.96,0.05170832946896553,0.20690570771694183,0.16852329671382904,0.9623493552207947
14.98,0.05124003440141678,0.20204882323741913,0.16466917097568512,0.9640719890594482
14.996,0.05086855590343475,0.1981208473443985,0.16159066557884216,0.9654268622398376
15.016,0.05040888488292694,0.19314271211624146,0.1577610969543457,0.9670917391777039
15.036,0.04995691776275635,0.18807263672351837,0.15396662056446075,0.9687246084213257
15.056,0.04951455816626549,0.18289820849895477,0.1501888930797577,0.970329761505127
15.08,0.04899183660745621,0.17654496431350708,0.1456872969865799,0.9722175598144531
15.104,0.04847200587391853,0.17002874612808228,0.14124131202697754,0.9740593433380127
15.12,0.04812377318739891,0.16559071838855743,0.13828589022159576,0.9752646088600159
15.14,0.047691598534584045,0.15994112193584442,0.13461163640022278,0.9767414927482605
15.156,0.04734735190868378,0.1553419530391693,0.13167721033096313,0.977899968624115
15.176,0.04691704362630844,0.14949937164783478,0.12802910804748535,0.9793147444725037
15.192,0.04657210782170296,0.14475661516189575,0.1251268833875656,0.9804182648658752
15.208,0.04622463509440422,0.1399567723274231,0.12224078923463821,0.9814951419830322
15.224,0.045875634998083115,0.13510774075984955,0.11937565356492996,0.9825429916381836
15.244,0.045439209789037704,0.12897293269634247,0.11580406874418259,0.9838144779205322
15.264,0.044999860227108,0.12278492003679276,0.11226196587085724,0.9850360751152039
15.284,0.044554583728313446,0.11659739911556244,0.10875461250543594,0.9862009286880493
15.304,0.044105879962444305,0.11040928214788437,0.10528609901666641,0.9873091578483582
15.32,0.04374484717845917,0.1054568812251091,0.10253804922103882,0.9881554245948792
15.34,0.043289653956890106,0.09926117956638336,0.0991358682513237,0.9891639947891235
15.356,0.04292292892932892,0.09428602457046509,0.09641057252883911,0.9899358153343201
15.376,0.042459528893232346,0.08804041892290115,0.09299920499324799,0.9908568859100342
15.396,0.04199196398258209,0.08178234845399857,0.089626744389534,0.9917234778404236
15.42,0.04142387956380844,0.07426755130290985,0.08563698083162308,0.9926906824111938
15.444,0.04084508866071701,0.06676726043224335,0.08170841634273529,0.9935781955718994
15.468,0.040257908403873444,0.05930782109498978,0.07785689830780029,0.9943843483924866
15.488,0.039759717881679535,0.053128454834222794,0.07469837367534637,0.9949958324432373
15.504,0.039354704320430756,0.048212967813014984,0.07219143211841583,0.9954472184181213
15.524,0.03884710371494293,0.04211192950606346,0.0691041499376297,0.995962917804718
15.544,0.03834202140569687,0.03606389835476875,0.06607232242822647,0.9964255690574646
15.564,0.037839535623788834,0.030071886256337166,0.0630965456366539,0.9968363642692566
15.596,0.03704356029629707,0.020630190148949623,0.058454979211091995,0.9973893165588379
15.612,0.03665122762322426,0.015987422317266464,0.05617675930261612,0.9976198673248291
15.628,0.036265116184949875,0.011412168852984905,0.05393734201788902,0.9978203773498535
15.652,0.035697419196367264,0.004661993123590946,0.05064651742577553,0.9980676174163818
15.672,0.03523964062333107,-0.000875995378009975,0.04796851426362991,0.9982266426086426
15.688,0.03488690033555031,-0.005249866750091314,0.04586714133620262,0.9983243942260742
15.712,0.034389276057481766,-0.011939993128180504,0.04277409613132477,0.9984213709831238
15.732,0.0340866893529892,-0.01975935697555542,0.04014970362186432,0.9984166622161865
15.756,0.03396473452448845,-0.03495220094919205,0.0368206687271595,0.9981328248977661
15.776,0.03401883691549301,-0.05188947543501854,0.033933743834495544,0.9974962472915649
15.796,0.034143999218940735,-0.07112713158130646,0.031016504392027855,0.9964001774787903
15.824,0.034325797110795975,-0.09897703677415848,0.026990989223122597,0.9941312074661255
15.844,0.03441379964351654,-0.11799915879964828,0.024220144376158714,0.992121696472168
15.86,0.03443964570760727,-0.13207979500293732,0.022084632888436317,0.9903944134712219
15.884,0.03439383581280708,-0.15083439648151398,0.01903168298304081,0.9877772927284241
15.904,0.0342818982899189,-0.1640440970659256,0.016648627817630768,0.9857165813446045
15.924,0.034107718616724014,-0.17493543028831482,0.01441226713359356,0.9838833808898926
15.94,0.03393767029047012,-0.18207718431949615,0.012750211171805859,0.9826157093048096
15.96,0.03368716314435005,-0.18913014233112335,0.010794106870889664,0.9813146591186523
15.976,0.033456720411777496,-0.1932826191186905,0.009316982701420784,0.9805282950401306
15.996,0.03312493860721588,-0.19666175544261932,0.007562188431620598,0.979882538318634
16.016,0.03276262804865837,-0.1980242133140564,0.005930582992732525,0.9796315431594849
16.04,0.032290536910295486,-0.19712038338184357,0.004121053963899612,0.9798387289047241
16.06,0.03187171742320061,-0.19456161558628082,0.002714369911700487,0.9803686141967773
16.076,0.031525444239377975,-0.19156360626220703,0.0016584291588515043,0.980972409248352
16.092,0.031169166788458824,-0.1878141611814499,0.0006477636052295566,0.9817097187042236
16.12,0.0305232722312212,-0.17980490624904633,-0.0010435215663164854,0.9832281470298767
16.136,0.030141692608594894,-0.174533873796463,-0.001967749325558543,0.9841877818107605
16.156,0.02965201623737812,-0.16741225123405457,-0.003087163669988513,0.985436201095581
16.172,0.029247285798192024,-0.1613657921552658,-0.003956934902817011,0.9864532351493835
16.192,0.02872326225042343,-0.15350791811943054,-0.005020482465624809,0.9877171516418457
16.208,0.0282861590385437,-0.1470654159784317,-0.005858161021023989,0.9887049198150635
16.224,0.027827568352222443,-0.14053304493427277,-0.006697818171232939,0.9896621704101562
16.244,0.02722575142979622,-0.13233128190040588,-0.007744059897959232,0.9908012747764587
16.268,0.026460660621523857,-0.12253613024950027,-0.008978905156254768,0.9920706152915955
16.288,0.025785105302929878,-0.11450854688882828,-0.010000983253121376,0.9930372834205627
16.304,0.02521958015859127,-0.10822071880102158,-0.010812596417963505,0.993748128414154
16.324,0.024480104446411133,-0.10056789219379425,-0.011814853176474571,0.9945588111877441
16.344,0.02370179258286953,-0.09319952875375748,-0.01280424278229475,0.9952829480171204
16.36,0.023048773407936096,-0.08753365278244019,-0.01359101478010416,0.995802104473114
16.376,0.022371135652065277,-0.08208748698234558,-0.014370779506862164,0.9962704181671143
16.4,0.021312370896339417,-0.0743534117937088,-0.015525545924901962,0.9968833327293396
16.424,0.02020993083715439,-0.06717747449874878,-0.01665700413286686,0.9973973035812378
16.444,0.01926610805094242,-0.061641890555620193,-0.017582472413778305,0.9977574944496155
16.464,0.018304266035556793,-0.05651835724711418,-0.018492352217435837,0.9980624318122864
16.48,0.01752391643822193,-0.05271843075752258,-0.019214961677789688,0.9982708096504211
16.504,0.01634077914059162,-0.04751463606953621,-0.02030506543815136,0.9985304474830627
16.52,0.015553494915366173,-0.04436999186873436,-0.021019799634814262,0.9986729025840759
16.54,0.014575439505279064,-0.04076258838176727,-0.021898949518799782,0.9988225698471069
16.56,0.013607344590127468,-0.03750258684158325,-0.022759392857551575,0.9989447593688965
16.584,0.012468161061406136,-0.03403153643012047,-0.02376028709113598,0.9990605711936951
16.604,0.011544366367161274,-0.0315023772418499,-0.0245731920003891,0.9991348385810852
16.624,0.010647572576999664,-0.02927832119166851,-0.025374677032232285,0.9991924166679382
16.648,0.009609700180590153,-0.027005380019545555,-0.026328695937991142,0.9992423057556152
16.668,0.008788050152361393,-0.025443006306886673,-0.027093514800071716,0.9992703795433044
16.684,0.008163051679730415,-0.024390632286667824,-0.02768635004758835,0.9992857575416565
16.704,0.007424561772495508,-0.023274017497897148,-0.02839554473757744,0.9992982149124146
16.72,0.006867816671729088,-0.022522296756505966,-0.0289382915943861,0.9993038773536682
16.748,0.005971579346805811,-0.02145926095545292,-0.029851926490664482,0.9993062019348145
16.768,0.005396239925175905,-0.020876655355095863,-0.030462661758065224,0.9993033409118652
16.792,0.0047805351205170155,-0.02029259502887726,-0.031134258955717087,0.9992978572845459
16.816,0.004246641416102648,-0.0196383036673069,-0.03175817057490349,0.9992936849594116
16.836,0.003860160708427429,-0.01901286654174328,-0.032241202890872955,0.9992918372154236
16.852,0.0035847865510731936,-0.01850605010986328,-0.03261116147041321,0.9992903470993042
16.868,0.0033347029238939285,-0.018008992075920105,-0.03296918794512749,0.9992885589599609
16.892,0.0030071984510868788,-0.017322704195976257,-0.033472102135419846,0.9992850422859192
16.912,0.0027703014202415943,-0.016827048733830452,-0.033870309591293335,0.9992807507514954
16.932,0.0025613135658204556,-0.016419412568211555,-0.03424752131104469,0.9992752075195312
16.956,0.0023455647751688957,-0.01605948805809021,-0.034666188061237335,0.9992671608924866
16.976,0.00219452241435647,-0.01587539352476597,-0.034985609352588654,0.9992594122886658
